hashtags_count,mentions_count,favourites_count,media_count,week,day_night,active_passive,mentions,top_mentions,coordinates,target
0,0,0,0,1,1.0,1.0,-1,-1,-100,0.0
0,0,0,0,1,0.0,1.0,-1,-1,-100,0.0
2,4,0,0,2,1.0,0.25,1,1,-100,0.8
5,9,0,2,1,0.45454545454545453,0.2727272727272727,1,-1,-100,0.5
0,0,0,0,1,0.0,1.0,-1,-1,-100,0.0
1,0,0,0,1,1.0,1.0,-1,-1,-100,0.0
1,1,0,0,1,1.0,0.5,19,-1,-100,0.0
0,0,0,0,1,1.0,1.0,-1,-1,-100,0.0
1,0,0,0,1,1.0,1.0,-1,-1,-100,0.0
0,0,0,0,1,1.0,1.0,-1,-1,-100,0.0
0,0,0,0,1,1.0,1.0,-1,-1,-100,0.0
0,0,0,0,1,1.0,1.0,-1,-1,-100,0.0
0,0,0,0,1,1.0,1.0,-1,-1,-100,0.5
0,0,0,0,1,1.0,1.0,-1,-1,-100,0.5
0,1,0,0,1,1.0,0.0,13,-1,-100,0.5
0,0,0,0,1,1.0,1.0,-1,-1,-100,0.0
0,0,0,0,2,1.0,1.0,-1,-1,-100,0.3333333333333333
0,0,0,0,2,1.0,1.0,-1,-1,-100,0.5
0,0,0,0,1,1.0,1.0,-1,-1,-100,0.6666666666666666
0,0,0,0,2,1.0,1.0,-1,-1,-100,0.0
0,0,0,0,1,1.0,1.0,-1,-1,-100,0.6666666666666666
1,0,0,0,2,1.0,1.0,-1,-1,-100,0.0
1,0,0,0,1,0.6666666666666666,1.0,-1,-1,-100,0.5
1,0,0,0,1,0.6666666666666666,1.0,-1,-1,-100,0.3333333333333333
0,0,0,0,2,1.0,1.0,-1,-1,-100,0.75
1,0,0,0,2,1.0,1.0,-1,-1,-100,0.6666666666666666
0,0,0,2,1,0.75,1.0,-1,-1,-100,0.75
0,0,0,0,1,0.3333333333333333,1.0,-1,-1,-100,0.0
0,0,0,0,2,0.0,1.0,-1,-1,1,0.5
1,3,0,1,1,0.75,0.75,9,-1,-100,0.75
3,2,0,1,1,0.3333333333333333,0.8333333333333334,11,-1,-100,0.3333333333333333
0,5,0,2,1,1.0,0.2857142857142857,14,-1,-100,0.5
0,2,0,0,1,0.6666666666666666,0.6666666666666666,23,-1,-100,0.0
0,3,0,1,1,0.8,0.6,21,-1,-100,0.5
0,0,0,0,1,1.0,1.0,-1,-1,-100,0.0
1,0,0,0,2,1.0,1.0,-1,-1,-100,0.5
0,0,0,0,1,0.75,1.0,-1,-1,-100,0.5
1,0,0,1,1,0.0,1.0,-1,-1,-100,0.5
1,3,1,1,1,0.8333333333333334,1.0,9,2,-100,0.0
0,0,0,0,1,1.0,1.0,-1,-1,-100,0.0
0,0,0,0,1,1.0,1.0,-1,-1,-100,0.0
0,0,0,1,1,0.5,1.0,-1,-1,-100,0.5
0,0,0,0,1,1.0,1.0,-1,-1,-100,0.0
0,0,0,0,1,0.5,1.0,-1,-1,-100,0.0
0,0,0,0,2,0.5,1.0,-1,-1,-100,0.0
0,0,0,0,1,1.0,1.0,-1,-1,-100,0.0
0,0,0,0,1,1.0,1.0,-1,-1,-100,0.0
0,0,0,8,1,1.0,1.0,-1,-1,-100,0.0
