hashtags_count,mentions_count,favourites_count,media_count,week,day_night,active_passive,mentions,top_mentions,coordinates,target
1,0,4,0,1,1.0,1.0,-1,-1,-100,0.0
1,2,0,0,1,1.0,0.0,1,1,-100,0.0
1,0,0,1,1,1.0,1.0,-1,-1,-100,0.0
4,0,28,3,1,0.3333333333333333,1.0,-1,-1,-100,0.0
9,0,3,0,2,0.3,1.0,-1,-1,-100,0.0
11,0,0,0,1,0.2727272727272727,1.0,-1,-1,-100,0.5
2,2,0,0,2,1.0,0.0,2,2,-100,0.8888888888888888
0,0,83,0,1,0.0,1.0,-1,-1,-100,0.6666666666666666
